 {
    "english": [
      {"name": "Afghanistan", "code": "AF"},
      {"name": "Aland Islands", "code": "AX"},
      {"name": "Albania", "code": "AL"},
      {"name": "Algeria", "code": "DZ"},
      {"name": "American Samoa", "code": "AS"},
      {"name": "Andorra", "code": "AD"},
      {"name": "Angola", "code": "AO"},
      {"name": "Anguilla", "code": "AI"},
      {"name": "Antarctica", "code": "AQ"},
      {"name": "Antigua and Barbuda", "code": "AG"},
      {"name": "Argentina", "code": "AR"},
      {"name": "Armenia", "code": "AM"},
      {"name": "Aruba", "code": "AW"},
      {"name": "Australia", "code": "AU"},
      {"name": "Austria", "code": "AT"},
      {"name": "Azerbaijan", "code": "AZ"},
      {"name": "Bahamas", "code": "BS"},
      {"name": "Bahrain", "code": "BH"},
      {"name": "Bangladesh", "code": "BD"},
      {"name": "Barbados", "code": "BB"},
      {"name": "Belarus", "code": "BY"},
      {"name": "Belgium", "code": "BE"},
      {"name": "Belize", "code": "BZ"},
      {"name": "Benin", "code": "BJ"},
      {"name": "Bermuda", "code": "BM"},
      {"name": "Bhutan", "code": "BT"},
      {"name": "Bolivia", "code": "BO"},
      {"name": "Bosnia and Herzegovina", "code": "BA"},
      {"name": "Botswana", "code": "BW"},
      {"name": "Bouvet Island", "code": "BV"},
      {"name": "Brazil", "code": "BR"},
      {"name": "British Indian Ocean Territory", "code": "IO"},
      {"name": "Brunei Darussalam", "code": "BN"},
      {"name": "Bulgaria", "code": "BG"},
      {"name": "Burkina Faso", "code": "BF"},
      {"name": "Burundi", "code": "BI"},
      {"name": "Cambodia", "code": "KH"},
      {"name": "Cameroon", "code": "CM"},
      {"name": "Canada", "code": "CA"},
      {"name": "Cape Verde", "code": "CV"},
      {"name": "Cayman Islands", "code": "KY"},
      {"name": "Central African Republic", "code": "CF"},
      {"name": "Chad", "code": "TD"},
      {"name": "Chile", "code": "CL"},
      {"name": "China", "code": "CN"},
      {"name": "Christmas Island", "code": "CX"},
      {"name": "Cocos (Keeling) Islands", "code": "CC"},
      {"name": "Colombia", "code": "CO"},
      {"name": "Comoros", "code": "KM"},
      {"name": "Congo", "code": "CG"},
      {"name": "Congo, The Democratic Republic of the", "code": "CD"},
      {"name": "Cook Islands", "code": "CK"},
      {"name": "Costa Rica", "code": "CR"},
      {"name": "Cote D'Ivoire", "code": "CI"},
      {"name": "Croatia", "code": "HR"},
      {"name": "Cuba", "code": "CU"},
      {"name": "Cyprus", "code": "CY"},
      {"name": "Czech Republic", "code": "CZ"},
      {"name": "Denmark", "code": "DK"},
      {"name": "Djibouti", "code": "DJ"},
      {"name": "Dominica", "code": "DM"},
      {"name": "Dominican Republic", "code": "DO"},
      {"name": "Ecuador", "code": "EC"},
      {"name": "Egypt", "code": "EG"},
      {"name": "El Salvador", "code": "SV"},
      {"name": "Equatorial Guinea", "code": "GQ"},
      {"name": "Eritrea", "code": "ER"},
      {"name": "Estonia", "code": "EE"},
      {"name": "Ethiopia", "code": "ET"},
      {"name": "Falkland Islands (Malvinas)", "code": "FK"},
      {"name": "Faroe Islands", "code": "FO"},
      {"name": "Fiji", "code": "FJ"},
      {"name": "Finland", "code": "FI"},
      {"name": "France", "code": "FR"},
      {"name": "French Guiana", "code": "GF"},
      {"name": "French Polynesia", "code": "PF"},
      {"name": "French Southern Territories", "code": "TF"},
      {"name": "Gabon", "code": "GA"},
      {"name": "Gambia", "code": "GM"},
      {"name": "Georgia", "code": "GE"},
      {"name": "Germany", "code": "DE"},
      {"name": "Ghana", "code": "GH"},
      {"name": "Gibraltar", "code": "GI"},
      {"name": "Greece", "code": "GR"},
      {"name": "Greenland", "code": "GL"},
      {"name": "Grenada", "code": "GD"},
      {"name": "Guadeloupe", "code": "GP"},
      {"name": "Guam", "code": "GU"},
      {"name": "Guatemala", "code": "GT"},
      {"name": "Guernsey", "code": "GG"},
      {"name": "Guinea", "code": "GN"},
      {"name": "Guinea-Bissau", "code": "GW"},
      {"name": "Guyana", "code": "GY"},
      {"name": "Haiti", "code": "HT"},
      {"name": "Heard Island and Mcdonald Islands", "code": "HM"},
      {"name": "Holy See (Vatican City State)", "code": "VA"},
      {"name": "Honduras", "code": "HN"},
      {"name": "Hong Kong", "code": "HK"},
      {"name": "Hungary", "code": "HU"},
      {"name": "Iceland", "code": "IS"},
      {"name": "India", "code": "IN"},
      {"name": "Indonesia", "code": "ID"},
      {"name": "Iran, Islamic Republic of", "code": "IR"},
      {"name": "Iraq", "code": "IQ"},
      {"name": "Ireland", "code": "IE"},
      {"name": "Isle of Man", "code": "IM"},
      {"name": "Israel", "code": "IL"},
      {"name": "Italy", "code": "IT"},
      {"name": "Jamaica", "code": "JM"},
      {"name": "Japan", "code": "JP"},
      {"name": "Jersey", "code": "JE"},
      {"name": "Jordan", "code": "JO"},
      {"name": "Kazakhstan", "code": "KZ"},
      {"name": "Kenya", "code": "KE"},
      {"name": "Kiribati", "code": "KI"},
      {"name": "Korea, Democratic People's Republic of", "code": "KP"},
      {"name": "Korea, Republic of", "code": "KR"},
      {"name": "Kuwait", "code": "KW"},
      {"name": "Kyrgyzstan", "code": "KG"},
      {"name": "Lao People'S Democratic Republic", "code": "LA"},
      {"name": "Latvia", "code": "LV"},
      {"name": "Lebanon", "code": "LB"},
      {"name": "Lesotho", "code": "LS"},
      {"name": "Liberia", "code": "LR"},
      {"name": "Libyan Arab Jamahiriya", "code": "LY"},
      {"name": "Liechtenstein", "code": "LI"},
      {"name": "Lithuania", "code": "LT"},
      {"name": "Luxembourg", "code": "LU"},
      {"name": "Macao", "code": "MO"},
      {"name": "Macedonia, The Former Yugoslav Republic of", "code": "MK"},
      {"name": "Madagascar", "code": "MG"},
      {"name": "Malawi", "code": "MW"},
      {"name": "Malaysia", "code": "MY"},
      {"name": "Maldives", "code": "MV"},
      {"name": "Mali", "code": "ML"},
      {"name": "Malta", "code": "MT"},
      {"name": "Marshall Islands", "code": "MH"},
      {"name": "Martinique", "code": "MQ"},
      {"name": "Mauritania", "code": "MR"},
      {"name": "Mauritius", "code": "MU"},
      {"name": "Mayotte", "code": "YT"},
      {"name": "Mexico", "code": "MX"},
      {"name": "Micronesia, Federated States of", "code": "FM"},
      {"name": "Moldova, Republic of", "code": "MD"},
      {"name": "Monaco", "code": "MC"},
      {"name": "Mongolia", "code": "MN"},
      {"name": "Montenegro", "code": "ME"},
      {"name": "Montserrat", "code": "MS"},
      {"name": "Morocco", "code": "MA"},
      {"name": "Mozambique", "code": "MZ"},
      {"name": "Myanmar", "code": "MM"},
      {"name": "Namibia", "code": "NA"},
      {"name": "Nauru", "code": "NR"},
      {"name": "Nepal", "code": "NP"},
      {"name": "Netherlands", "code": "NL"},
      {"name": "Netherlands Antilles", "code": "AN"},
      {"name": "New Caledonia", "code": "NC"},
      {"name": "New Zealand", "code": "NZ"},
      {"name": "Nicaragua", "code": "NI"},
      {"name": "Niger", "code": "NE"},
      {"name": "Nigeria", "code": "NG"},
      {"name": "Niue", "code": "NU"},
      {"name": "Norfolk Island", "code": "NF"},
      {"name": "Northern Mariana Islands", "code": "MP"},
      {"name": "Norway", "code": "NO"},
      {"name": "Oman", "code": "OM"},
      {"name": "Pakistan", "code": "PK"},
      {"name": "Palau", "code": "PW"},
      {"name": "Palestinian Territory, Occupied", "code": "PS"},
      {"name": "Panama", "code": "PA"},
      {"name": "Papua New Guinea", "code": "PG"},
      {"name": "Paraguay", "code": "PY"},
      {"name": "Peru", "code": "PE"},
      {"name": "Philippines", "code": "PH"},
      {"name": "Pitcairn", "code": "PN"},
      {"name": "Poland", "code": "PL"},
      {"name": "Portugal", "code": "PT"},
      {"name": "Puerto Rico", "code": "PR"},
      {"name": "Qatar", "code": "QA"},
      {"name": "Reunion", "code": "RE"},
      {"name": "Romania", "code": "RO"},
      {"name": "Russian Federation", "code": "RU"},
      {"name": "Rwanda", "code": "RW"},
      {"name": "Saint Helena", "code": "SH"},
      {"name": "Saint Kitts and Nevis", "code": "KN"},
      {"name": "Saint Lucia", "code": "LC"},
      {"name": "Saint Pierre and Miquelon", "code": "PM"},
      {"name": "Saint Vincent and the Grenadines", "code": "VC"},
      {"name": "Samoa", "code": "WS"},
      {"name": "San Marino", "code": "SM"},
      {"name": "Sao Tome and Principe", "code": "ST"},
      {"name": "Saudi Arabia", "code": "SA"},
      {"name": "Senegal", "code": "SN"},
      {"name": "Serbia, Republic of", "code": "RS"},
      {"name": "Seychelles", "code": "SC"},
      {"name": "Sierra Leone", "code": "SL"},
      {"name": "Singapore", "code": "SG"},
      {"name": "Slovakia", "code": "SK"},
      {"name": "Slovenia", "code": "SI"},
      {"name": "Solomon Islands", "code": "SB"},
      {"name": "Somalia", "code": "SO"},
      {"name": "South Africa", "code": "ZA"},
      {"name": "South Georgia and the South Sandwich Islands", "code": "GS"},
      {"name": "South Sudan, Republic of", "code": "SS"},
      {"name": "Spain", "code": "ES"},
      {"name": "Sri Lanka", "code": "LK"},
      {"name": "Sudan", "code": "SD"},
      {"name": "Suriname", "code": "SR"},
      {"name": "Svalbard and Jan Mayen", "code": "SJ"},
      {"name": "Swaziland", "code": "SZ"},
      {"name": "Sweden", "code": "SE"},
      {"name": "Switzerland", "code": "CH"},
      {"name": "Syrian Arab Republic", "code": "SY"},
      {"name": "Taiwan, Province of China", "code": "TW"},
      {"name": "Tajikistan", "code": "TJ"},
      {"name": "Tanzania, United Republic of", "code": "TZ"},
      {"name": "Thailand", "code": "TH"},
      {"name": "Timor-Leste", "code": "TL"},
      {"name": "Togo", "code": "TG"},
      {"name": "Tokelau", "code": "TK"},
      {"name": "Tonga", "code": "TO"},
      {"name": "Trinidad and Tobago", "code": "TT"},
      {"name": "Tunisia", "code": "TN"},
      {"name": "Turkey", "code": "TR"},
      {"name": "Turkmenistan", "code": "TM"},
      {"name": "Turks and Caicos Islands", "code": "TC"},
      {"name": "Tuvalu", "code": "TV"},
      {"name": "Uganda", "code": "UG"},
      {"name": "Ukraine", "code": "UA"},
      {"name": "United Arab Emirates", "code": "AE"},
      {"name": "United Kingdom", "code": "GB"},
      {"name": "United States", "code": "US"},
      {"name": "United States Minor Outlying Islands", "code": "UM"},
      {"name": "Uruguay", "code": "UY"},
      {"name": "Uzbekistan", "code": "UZ"},
      {"name": "Vanuatu", "code": "VU"},
      {"name": "Venezuela", "code": "VE"},
      {"name": "Viet Nam", "code": "VN"},
      {"name": "Virgin Islands, British", "code": "VG"},
      {"name": "Virgin Islands, U.S.", "code": "VI"},
      {"name": "Wallis and Futuna", "code": "WF"},
      {"name": "Western Sahara", "code": "EH"},
      {"name": "Yemen", "code": "YE"},
      {"name": "Zambia", "code": "ZM"},
      {"name": "Zimbabwe", "code": "ZW"}
    ],
    "korean": [
      {"name": "가나", "code": "GH"},
      {"name": "가봉", "code": "GA"},
      {"name": "가이아나", "code": "GY"},
      {"name": "감비아", "code": "GM"},
      {"name": "건지 섬", "code": "GG"},
      {"name": "과들루프", "code": "GP"},
      {"name": "과테말라", "code": "GT"},
      {"name": "괌", "code": "GU"},
      {"name": "그레나다", "code": "GD"},
      {"name": "그리스", "code": "GR"},
      {"name": "그린란드", "code": "GL"},
      {"name": "기니", "code": "GN"},
      {"name": "기니비사우", "code": "GW"},
      {"name": "나미비아", "code": "NA"},
      {"name": "나우루", "code": "NR"},
      {"name": "나이지리아", "code": "NG"},
      {"name": "남극", "code": "AQ"},
      {"name": "남수단", "code": "SS"},
      {"name": "남아프리카 공화국", "code": "ZA"},
      {"name": "네덜란드", "code": "NL"},
      {"name": "네덜란드령 안틸레스", "code": "AN"},
      {"name": "네팔", "code": "NP"},
      {"name": "노르웨이", "code": "NO"},
      {"name": "노퍽 섬", "code": "NF"},
      {"name": "누벨칼레도니", "code": "NC"},
      {"name": "뉴질랜드", "code": "NZ"},
      {"name": "니우에", "code": "NU"},
      {"name": "니제르", "code": "NE"},
      {"name": "니카라과", "code": "NI"},
      {"name": "대한민국", "code": "KR"},
      {"name": "덴마크", "code": "DK"},
      {"name": "도미니카 공화국", "code": "DO"},
      {"name": "도미니카 연방", "code": "DM"},
      {"name": "독일", "code": "DE"},
      {"name": "동티모르", "code": "TL"},
      {"name": "라오스", "code": "LA"},
      {"name": "라이베리아", "code": "LR"},
      {"name": "라트비아", "code": "LV"},
      {"name": "러시아", "code": "RU"},
      {"name": "레바논", "code": "LB"},
      {"name": "레소토", "code": "LS"},
      {"name": "레위니옹", "code": "RE"},
      {"name": "루마니아", "code": "RO"},
      {"name": "룩셈부르크", "code": "LU"},
      {"name": "르완다", "code": "RW"},
      {"name": "리비아", "code": "LY"},
      {"name": "리투아니아", "code": "LT"},
      {"name": "리히텐슈타인", "code": "LI"},
      {"name": "마다가스카르", "code": "MG"},
      {"name": "마르티니크", "code": "MQ"},
      {"name": "마셜 제도", "code": "MH"},
      {"name": "마요트", "code": "YT"},
      {"name": "마카오", "code": "MO"},
      {"name": "마케도니아 공화국", "code": "MK"},
      {"name": "말라위", "code": "MW"},
      {"name": "말레이시아", "code": "MY"},
      {"name": "말리", "code": "ML"},
      {"name": "맨 섬", "code": "IM"},
      {"name": "멕시코", "code": "MX"},
      {"name": "모나코", "code": "MC"},
      {"name": "모로코", "code": "MA"},
      {"name": "모리셔스", "code": "MU"},
      {"name": "모리타니", "code": "MR"},
      {"name": "모잠비크", "code": "MZ"},
      {"name": "몬테네그로", "code": "ME"},
      {"name": "몬트세랫", "code": "MS"},
      {"name": "몰도바", "code": "MD"},
      {"name": "몰디브", "code": "MV"},
      {"name": "몰타", "code": "MT"},
      {"name": "몽골", "code": "MN"},
      {"name": "미국", "code": "US"},
      {"name": "미국령 군소 제도", "code": "UM"},
      {"name": "미국령 버진아일랜드", "code": "VI"},
      {"name": "미얀마", "code": "MM"},
      {"name": "미크로네시아 연방", "code": "FM"},
      {"name": "바누아투", "code": "VU"},
      {"name": "바레인", "code": "BH"},
      {"name": "바베이도스", "code": "BB"},
      {"name": "바티칸 시국", "code": "VA"},
      {"name": "바하마", "code": "BS"},
      {"name": "방글라데시", "code": "BD"},
      {"name": "버뮤다", "code": "BM"},
      {"name": "베냉", "code": "BJ"},
      {"name": "베네수엘라", "code": "VE"},
      {"name": "베트남", "code": "VN"},
      {"name": "벨기에", "code": "BE"},
      {"name": "벨라루스", "code": "BY"},
      {"name": "벨리즈", "code": "BZ"},
      {"name": "보스니아 헤르체고비나", "code": "BA"},
      {"name": "보츠와나", "code": "BW"},
      {"name": "볼리비아", "code": "BO"},
      {"name": "부룬디", "code": "BI"},
      {"name": "부르키나파소", "code": "BF"},
      {"name": "부베 섬", "code": "BV"},
      {"name": "부탄", "code": "BT"},
      {"name": "북마리아나 제도", "code": "MP"},
      {"name": "불가리아", "code": "BG"},
      {"name": "브라질", "code": "BR"},
      {"name": "브루나이", "code": "BN"},
      {"name": "사모아", "code": "WS"},
      {"name": "사우디아라비아", "code": "SA"},
      {"name": "사우스조지아 사우스샌드위치 제도", "code": "GS"},
      {"name": "산마리노", "code": "SM"},
      {"name": "상투메 프린시페", "code": "ST"},
      {"name": "생피에르 미클롱", "code": "PM"},
      {"name": "서사하라", "code": "EH"},
      {"name": "세네갈", "code": "SN"},
      {"name": "세르비아", "code": "RS"},
      {"name": "세이셸", "code": "SC"},
      {"name": "세인트루시아", "code": "LC"},
      {"name": "세인트빈센트 그레나딘", "code": "VC"},
      {"name": "세인트키츠 네비스", "code": "KN"},
      {"name": "세인트헬레나", "code": "SH"},
      {"name": "소말리아", "code": "SO"},
      {"name": "솔로몬 제도", "code": "SB"},
      {"name": "수단", "code": "SD"},
      {"name": "수리남", "code": "SR"},
      {"name": "스리랑카", "code": "LK"},
      {"name": "스발바르 얀마옌", "code": "SJ"},
      {"name": "스와질란드", "code": "SZ"},
      {"name": "스웨덴", "code": "SE"},
      {"name": "스위스", "code": "CH"},
      {"name": "스페인", "code": "ES"},
      {"name": "슬로바키아", "code": "SK"},
      {"name": "슬로베니아", "code": "SI"},
      {"name": "시리아", "code": "SY"},
      {"name": "시에라리온", "code": "SL"},
      {"name": "싱가포르", "code": "SG"},
      {"name": "아랍에미리트", "code": "AE"},
      {"name": "아루바", "code": "AW"},
      {"name": "아르메니아", "code": "AM"},
      {"name": "아르헨티나", "code": "AR"},
      {"name": "아메리칸사모아", "code": "AS"},
      {"name": "아이슬란드", "code": "IS"},
      {"name": "아이티", "code": "HT"},
      {"name": "아일랜드", "code": "IE"},
      {"name": "아제르바이잔", "code": "AZ"},
      {"name": "아프가니스탄", "code": "AF"},
      {"name": "안도라", "code": "AD"},
      {"name": "알바니아", "code": "AL"},
      {"name": "알제리", "code": "DZ"},
      {"name": "앙골라", "code": "AO"},
      {"name": "앤티가 바부다", "code": "AG"},
      {"name": "앵귈라", "code": "AI"},
      {"name": "에리트레아", "code": "ER"},
      {"name": "에스토니아", "code": "EE"},
      {"name": "에콰도르", "code": "EC"},
      {"name": "에티오피아", "code": "ET"},
      {"name": "엘살바도르", "code": "SV"},
      {"name": "영국", "code": "GB"},
      {"name": "영국령 버진아일랜드", "code": "VG"},
      {"name": "영국령 인도양 지역", "code": "IO"},
      {"name": "예멘", "code": "YE"},
      {"name": "오만", "code": "OM"},
      {"name": "오스트레일리아", "code": "AU"},
      {"name": "오스트리아", "code": "AT"},
      {"name": "온두라스", "code": "HN"},
      {"name": "올란드 제도", "code": "AX"},
      {"name": "왈리스 퓌튀나", "code": "WF"},
      {"name": "요르단", "code": "JO"},
      {"name": "우간다", "code": "UG"},
      {"name": "우루과이", "code": "UY"},
      {"name": "우즈베키스탄", "code": "UZ"},
      {"name": "우크라이나", "code": "UA"},
      {"name": "이라크", "code": "IQ"},
      {"name": "이란", "code": "IR"},
      {"name": "이스라엘", "code": "IL"},
      {"name": "이집트", "code": "EG"},
      {"name": "이탈리아", "code": "IT"},
      {"name": "인도", "code": "IN"},
      {"name": "인도네시아", "code": "ID"},
      {"name": "일본", "code": "JP"},
      {"name": "자메이카", "code": "JM"},
      {"name": "잠비아", "code": "ZM"},
      {"name": "저지 섬", "code": "JE"},
      {"name": "적도 기니", "code": "GQ"},
      {"name": "조선민주주의인민공화국", "code": "KP"},
      {"name": "조지아", "code": "GE"},
      {"name": "중앙아프리카 공화국", "code": "CF"},
      {"name": "중화민국", "code": "TW"},
      {"name": "중화인민공화국", "code": "CN"},
      {"name": "지부티", "code": "DJ"},
      {"name": "지브롤터", "code": "GI"},
      {"name": "짐바브웨", "code": "ZW"},
      {"name": "차드", "code": "TD"},
      {"name": "체코", "code": "CZ"},
      {"name": "칠레", "code": "CL"},
      {"name": "카메룬", "code": "CM"},
      {"name": "카보베르데", "code": "CV"},
      {"name": "카자흐스탄", "code": "KZ"},
      {"name": "카타르", "code": "QA"},
      {"name": "캄보디아", "code": "KH"},
      {"name": "캐나다", "code": "CA"},
      {"name": "케냐", "code": "KE"},
      {"name": "케이맨 제도", "code": "KY"},
      {"name": "코모로", "code": "KM"},
      {"name": "코스타리카", "code": "CR"},
      {"name": "코코스 제도", "code": "CC"},
      {"name": "코트디부아르", "code": "CI"},
      {"name": "콜롬비아", "code": "CO"},
      {"name": "콩고 공화국", "code": "CG"},
      {"name": "콩고 민주 공화국", "code": "CD"},
      {"name": "쿠바", "code": "CU"},
      {"name": "쿠웨이트", "code": "KW"},
      {"name": "쿡 제도", "code": "CK"},
      {"name": "크로아티아", "code": "HR"},
      {"name": "크리스마스 섬", "code": "CX"},
      {"name": "키르기스스탄", "code": "KG"},
      {"name": "키리바시", "code": "KI"},
      {"name": "키프로스", "code": "CY"},
      {"name": "타이", "code": "TH"},
      {"name": "타지키스탄", "code": "TJ"},
      {"name": "탄자니아", "code": "TZ"},
      {"name": "터크스 케이커스 제도", "code": "TC"},
      {"name": "터키", "code": "TR"},
      {"name": "토고", "code": "TG"},
      {"name": "토켈라우", "code": "TK"},
      {"name": "통가", "code": "TO"},
      {"name": "투르크메니스탄", "code": "TM"},
      {"name": "투발루", "code": "TV"},
      {"name": "튀니지", "code": "TN"},
      {"name": "트리니다드 토바고", "code": "TT"},
      {"name": "파나마", "code": "PA"},
      {"name": "파라과이", "code": "PY"},
      {"name": "파키스탄", "code": "PK"},
      {"name": "파푸아 뉴기니", "code": "PG"},
      {"name": "팔라우", "code": "PW"},
      {"name": "팔레스타인", "code": "PS"},
      {"name": "페로 제도", "code": "FO"},
      {"name": "페루", "code": "PE"},
      {"name": "포르투갈", "code": "PT"},
      {"name": "포클랜드 제도", "code": "FK"},
      {"name": "폴란드", "code": "PL"},
      {"name": "푸에르토리코", "code": "PR"},
      {"name": "프랑스", "code": "FR"},
      {"name": "프랑스령 기아나", "code": "GF"},
      {"name": "프랑스령 남부와 남극 지역", "code": "TF"},
      {"name": "프랑스령 폴리네시아", "code": "PF"},
      {"name": "피지", "code": "FJ"},
      {"name": "핀란드", "code": "FI"},
      {"name": "필리핀", "code": "PH"},
      {"name": "핏케언 제도", "code": "PN"},
      {"name": "허드 맥도널드 제도", "code": "HM"},
      {"name": "헝가리", "code": "HU"},
      {"name": "홍콩", "code": "HK"}
    ]
 }
